"abdomen","abdómen"
"abdomino-pelvicas","abdomino-pélvicas"
"abordaveis","abordáveis"
"abundancia","abundância"
"aceitavel","aceitável"
"aceleraçao","aceleração"
"acentuaçao","acentuação"
"acessiveis","acessíveis"
"acessivel","acessível"
"acessorio","acessório"
"acessorios","acessórios"
"acetabulo","acetábulo"
"acetabulos","acetábulos"
"aconselhavel","aconselhável"
"acromio","acrómio"
"acromio-clavicular","acrómio-clavicular"
"acromio-claviculares","acrómio-claviculares"
"acumulaçao","acumulação"
"acustica","acústica"
"acustico","acústico"
"acusticos","acústicos"
"adenohipofise","adenohipófise"
"adenopatico","adenopático"
"adenopaticos","adenopáticos"
"aderencia","aderência"
"aderencias","aderências"
"administraçao","administração"
"admissivel","admissível"
"adventicias","adventícias"
"aerea","aérea"
"aereas","aéreas"
"aereo","aéreo"
"aereos","aéreos"
"agua","água"
"agudizaçao","agudização"
"alem","além"
"alergicos","alérgicos"
"algica","álgica"
"algicas","álgicas"
"algico","álgico"
"alitiasica","alitiásica"
"alteraçao","alteração"
"alteraçeos","alterações"
"alteraçoes","alterações"
"alveolo","alvéolo"
"amigdalas","amígdalas"
"amputaçao","amputação"
"analise","análise"
"analitica","analítica"
"analitico","analítico"
"analiticos","analíticos"
"anatomica","anatómica"
"anatomicas","anatómicas"
"anatomo-patologico","anatomo-patológico"
"ancora","âncora"
"anecogenica","anecogénica"
"anecogenico","anecogénico"
"aneis","anéis"
"aneurismatica","aneurismática"
"aneurismaticas","aneurismáticas"
"angiografica","angiográfica"
"angiografico","angiográfico"
"angulaçao","angulação"
"angulo","ângulo"
"angulos","ângulos"
"anomala","anómala"
"anomalas","anómalas"
"anomalo","anómalo"
"anomalos","anómalos"
"anteflexao","anteflexão"
"antepe","antepé"
"anteversao","anteversão"
"antro-timpanicas","antro-timpânicas"
"anus","ânus"
"aortica","aórtica"
"aorticas","aórticas"
"aortico","aórtico"
"aorto-coronaria","aorto-coronária"
"aorto-iliaca","aorto-ilíaca"
"aorto-iliacas","aorto-ilíacas"
"aorto-iliacos","aorto-ilíacos"
"aortoiliaca","aortoilíaca"
"aparencia","aparência"
"apendice","apêndice"
"apex","ápex"
"apice","ápice"
"apices","ápices"
"aplicaçao","aplicação"
"apofise","apófise"
"apofises","apófises"
"aponevrotica","aponevrótica"
"aponevroticos","aponevróticos"
"apos","após"
"apreciaveis","apreciáveis"
"apreciavel","apreciável"
"apreciaçao","apreciação"
"aproximaçao","aproximação"
"aquiles","Aquiles"
"aquisiçao","aquisição"
"aquisiçoes","aquisições"
"area","área"
"areas","áreas"
"arteria","artéria"
"arterias","artérias"
"arterioesclerotica","arteriosclerótica"
"articulaçao","articulação"
"articulaçoes","articulações"
"artriticas","artríticas"
"artriticos","artríticos"
"artrosica","artrósica"
"artrosicas","artrósicas"
"artrosicos","artrósicos"
"arvore","árvore"
"arvores","árvores"
"ascitico","ascítico"
"assimetrica","assimétrica"
"assimetricas","assimétricas"
"assimetrico","assimétrico"
"assimetricos","assimétricos"
"assinalaveis","assinaláveis"
"assinalavel","assinalável"
"associaçao","associação"
"astragalo","astrágalo"
"ate","até"
"atelectasica","atelectásica"
"atelectasicas","atelectásicas"
"atenuaçao","atenuação"
"atenuaçoes","atenuações"
"atençao","atenção"
"atipica","atípica"
"atipicas","atípicas"
"atipico","atípico"
"atras","atrás"
"atraves","através"
"atribuido","atribuído"
"atribuimos","atribuímos"
"atribuiveis","atribuíveis"
"atribuiçao","atribuição"
"atrofica","atrófica"
"atroficas","atróficas"
"atrofico","atrófico"
"atroficos","atróficos"
"auricula","aurícula"
"ausencia","ausência"
"avaliacao","avaliação"
"avaliaçao","avaliação"
"avaliaçoes","avaliações"
"avulsao","avulsão"
"avulsoes","avulsões"
"baker","Baker"
"bascula","báscula"
"bastrup","Baastrup"
"bc","buracos de conjugação"
"bicipite","bicípite"
"bifida","bífida"
"bifidez","bífidez"
"bifurcaçao","bifurcação"
"biomecanica","biomecânica"
"biopsia","biópsia"
"biotipo","biótipo"
"blastica","blástica"
"blasticas","blásticas"
"bm","buraco magno"
"bocio","bócio"
"bosniak","Bosniak"
"botao","botão"
"bronquica","brônquica"
"bronquicas","brônquicas"
"bronquico","brônquico"
"bronquio","brônquio"
"bronquios","brônquios"
"bronquitica","bronquítica"
"calcaneo","calcâneo"
"calcaneos","calcâneos"
"calcica","cálcica"
"calcico","cálcico"
"calcificaçao","calcificação"
"calcificaçoes","calcificações"
"calcio","cálcio"
"calculo","cálculo"
"calculos","cálculos"
"calices","cálices"
"camara","câmara"
"camaras","câmaras"
"capsula","cápsula"
"capsulas","cápsulas"
"captaçao","captação"
"captaçoes","captações"
"caracter","carácter"
"caracteristicas","características"
"caracterizaçao","caracterização"
"cardiaca","cardíaca"
"cardiacas","cardíacas"
"cardiacos","cardíacos"
"cardiofrenicos","cardiofrénicos"
"cardiomediastinica","cardiomediastínica"
"cardiotoracico","cardiotorácico"
"carie","cárie"
"caries","cáries"
"carotida","carótida"
"carotidas","carótidas"
"carotidea","carotídea"
"carotideas","carotídeas"
"carotideo","carotídeo"
"carotideos","carotídeos"
"carpica","cárpica"
"carpico","cárpico"
"carpicos","cárpicos"
"carpometacarpica","carpometacárpica"
"cartilaginea","cartilagínea"
"cartilagineas","cartilagíneas"
"cartilagineo","cartilagíneo"
"categorica","categórica"
"categoricas","categóricas"
"categoricos","categóricos"
"cavitaçao","cavitação"
"cavitaçoes","cavitações"
"cb","características benignas"
"ccr","características radiográficas de"
"ce","características ecográficas"
"cefalica","cefálica"
"cefalico","cefálico"
"cefalo-pancreatico","céfalo-pancreático"
"celiaca","celíaca"
"celiaco","celíaco"
"celula","célula"
"celulas","células"
"cenologico","cenológico"
"cessaçao","cessação"
"ci","características imagiológicas"
"cicatrizaçao","cicatrização"
"cifotica","cifótica"
"cifotico","cifótico"
"cilindricas","cilíndricas"
"cilindrico","cilíndrico"
"cinetica","cinética"
"circulaçao","circulação"
"cirurgica","cirúrgica"
"cirurgicas","cirúrgicas"
"cirurgico","cirúrgico"
"cirurgicos","cirúrgicos"
"cistica","cística"
"cisticas","císticas"
"cistico","cístico"
"citologico","citológico"
"cj","canal de conjugação"
"classificaçao","classificação"
"clastica","clástica"
"clasticas","clásticas"
"clavicula","clavícula"
"clinica","clínica"
"clinico","clínico"
"clinicos","clínicos"
"coccigea","coccígea"
"coccigeas","coccígeas"
"coccix","cóccix"
"coexistencia","coexistência"
"colaboraçao","colaboração"
"coledoco","colédoco"
"coleçao","coleção"
"coleçoes","coleções"
"colica","cólica"
"colicas","cólicas"
"colico","cólico"
"colocaçao","colocação"
"coloide","colóide"
"colon","cólon"
"combinaçao","combinação"
"compactaçao","compactação"
"comparaçao","comparação"
"compativeis","compatíveis"
"compativel","compatível"
"compensaçao","compensação"
"complicaçao","complicação"
"complicaçoes","complicações"
"compoem","compõem"
"compressao","compressão"
"compressoes","compressões"
"comunicaçao","comunicação"
"concentraçao","concentração"
"concentrica","concêntrica"
"concentricas","concêntricas"
"concentrico","concêntrico"
"conclusao","Conclusão"
"condensaçao","condensação"
"condensaçoes","condensações"
"condilo","côndilo"
"condilos","côndilos"
"condiçao","condição"
"condiçoes","condições"
"configuraçao","configuração"
"confirmaçao","confirmação"
"confluencia","confluência"
"conformaçao","conformação"
"congenita","congénita"
"congenitas","congénitas"
"congestao","congestão"
"congruencia","congruência"
"conjugaçao","conjugação"
"conotaçao","conotação"
"consequencia","consequência"
"consequencias","consequências"
"conservaçao","conservação"
"consideraçao","consideração"
"consolidaçao","consolidação"
"consolidaçoes","consolidações"
"conspicuo","conspícuo"
"constituida","constituída"
"constituido","constituído"
"constituidos","constituídos"
"constituiçao","constituição"
"conteudo","conteúdo"
"conteudos","conteúdos"
"contiguo","contíguo"
"contiguos","contíguos"
"continuaçao","continuação"
"contraida","contraída"
"contraidas","contraídas"
"contrario","contrário"
"contraçao","contração"
"contusao","contusão"
"contusoes","contusões"
"coraçao","coração"
"cordao","cordão"
"coronaria","coronária"
"coronarias","coronárias"
"coronario","coronário"
"coronarios","coronários"
"corporeo","corpóreo"
"correlaçao","correlação"
"correspondencia","correspondência"
"cortex","córtex"
"corticalizaçao","corticalização"
"costofrenico","costofrénico"
"costofrenicos","costofrénicos"
"cr","canal raquidiano"
"cranio","crânio"
"cranio-caudal","crânio-caudal"
"cranio-cervical","crânio-cervical"
"cranio-encefalico","crânio-encefálico"
"crepitaçoes","crepitações"
"criterio","critério"
"criterios","critérios"
"critica","crítica"
"cronica","crónica"
"cronicas","crónicas"
"cronico","crónico"
"cronicos","crónicos"
"cronologica","cronológica"
"crr","características radiográficas"
"cs","características suspeitas"
"ct","características tomodensitométricas"
"ctc","características de tiroidite crónica"
"cth","características de tiroidite de Hashimoto"
"cupula","cúpula"
"cutanea","cutânea"
"cutaneo","cutâneo"
"cutaneos","cutâneos"
"cv","canal vertebral"
"dap","diâmetro antero-posterior"
"db","diâmetro bipolar"
"dc","diâmetro crânio-caudal"
"decubito","decúbito"
"defecaçao","defecação"
"defice","défice"
"definiçao","definição"
"deformaçao","deformação"
"deformaçoes","deformações"
"degeneraçao","degeneração"
"degenerescencia","degenerescência"
"deiscencia","deiscência"
"delaminaçao","delaminação"
"delimitaçao","delimitação"
"demonstraveis","demonstráveis"
"densificaçao","densificação"
"densificaçoes","densificações"
"densitometrica","densitométrica"
"densitometricas","densitométricas"
"dentaria","dentária"
"dentarias","dentárias"
"dentario","dentário"
"dentarios","dentários"
"dependencia","dependência"
"deposito","depósito"
"depositos","depósitos"
"deposiçao","deposição"
"depressao","depressão"
"dermoide","dermóide"
"desejavel","desejável"
"desidrataçao","desidratação"
"desiquilibrio","desequilíbrio"
"desnervaçao","desnervação"
"desorganizaçao","desorganização"
"desprezavel","desprezável"
"desprezivel","desprezível"
"determinaçao","determinação"
"deteçao","deteção"
"devera","deverá"
"deverao","deverão"
"diafisaria","diafisária"
"diafise","diáfise"
"diafises","diáfises"
"diafragmatica","diafragmática"
"diafragmaticas","diafragmáticas"
"diagnostica","diagnóstica"
"diagnosticas","diagnósticas"
"diagnostico","diagnóstico"
"diametro","diâmetro"
"diametros","diâmetros"
"diastase","diástase"
"diferenciaçao","diferenciação"
"dificil","difícil"
"difusao","difusão"
"dilatacoes","dilatações"
"dilataçao","dilatação"
"dilataçoes","dilatações"
"dimensao","dimensão"
"dimensoes","dimensões"
"diminuida","diminuída"
"diminuidas","diminuídas"
"diminuido","diminuído"
"diminuiçao","diminuição"
"dinamica","dinâmica"
"dinamicas","dinâmicas"
"dinamico","dinâmico"
"discartrosicas","discartrósicas"
"discerniveis","discerníveis"
"discernivel","discernível"
"discernivies","discerníveis"
"disco-osteofitaria","disco-osteofitária"
"disco-osteofitarias","disco-osteofitárias"
"disco-osteofitario","disco-osteofitário"
"disco-osteofitarios","disco-osteofitários"
"disfunçao","disfunção"
"displasica","displásica"
"disponiveis","disponíveis"
"disponivel","disponível"
"disposiçao","disposição"
"disrupçao","disrupção"
"dissecaçao","dissecação"
"disseminaçao","disseminação"
"distancia","distância"
"distancias","distâncias"
"distensao","distensão"
"distorçao","distorção"
"distorçoes","distorções"
"distribuidas","distribuídas"
"distribuidos","distribuídos"
"distribuiçao","distribuição"
"distrofica","distrófica"
"distroficas","distróficas"
"distrofico","distrófico"
"disturbios","distúrbios"
"diverticulo","divertículo"
"diverticulos","divertículos"
"divisao","divisão"
"divisoes","divisões"
"dl","diâmetro longitudinal"
"dormencia","dormência"
"douglas","Douglas"
"drenaveis","drenáveis"
"dt","diâmetro transversal"
"duplicaçao","duplicação"
"duvida","dúvida"
"duvidas","dúvidas"
"eb","eixo bipolar"
"ec","eixo curto"
"ecogeneas","ecogéneas"
"ecogeneo","ecogéneo"
"ecogenica","ecogénica"
"ecogenicas","ecogénicas"
"ecogenico","ecogénico"
"ecogenicos","ecogénicos"
"ecografica","ecográfica"
"ecograficas","ecográficas"
"ecografico","ecográfico"
"ecograficos","ecográficos"
"ectopica","ectópica"
"ectopicas","ectópicas"
"edentula","edêntula"
"edentulas","edêntulas"
"edentulaçao","edentulação"
"edentulo","edêntulo"
"edentulos","edêntulos"
"efusoes","efusões"
"el","eixo longitudinal"
"elevaçao","elevação"
"eliminaçao","eliminação"
"emergencia","emergência"
"emergencias","emergências"
"eminencia","eminência"
"emissao","emissão"
"encefalica","encefálica"
"encefalicas","encefálicas"
"encefalico","encefálico"
"encefalo","encéfalo"
"endobronquica","endobrônquica"
"endocavitaria","endocavitária"
"endodontico","endodôntico"
"endometrio","endométrio"
"endoscopico","endoscópico"
"enquadraveis","enquadráveis"
"entao","então"
"entesofitarias","entesofitárias"
"entesofitario","entesofitário"
"entesofito","entesófito"
"entesofitos","entesófitos"
"entesopatica","entesopática"
"entesopaticas","entesopáticas"
"entesopatico","entesopático"
"entesopaticos","entesopáticos"
"epicondilo","epicôndilo"
"epididimarios","epididimários"
"epididimo","epidídimo"
"epididimos","epidídimos"
"epifise","epífise"
"epigastrica","epigástrica"
"episodio","episódio"
"episodios","episódios"
"erosao","erosão"
"erosoes","erosões"
"escalao","escalão"
"escavaçao","escavação"
"esclerotica","esclerótica"
"escleroticas","escleróticas"
"esclerotico","esclerótico"
"escleroticos","escleróticos"
"escoliotica","escoliótica"
"escoliotico","escoliótico"
"escolioticos","escolióticos"
"esfincter","esfíncter"
"esfincteres","esfíncteres"
"esofagica","esofágica"
"esofagico","esofágico"
"esofago","esófago"
"esplenica","esplénica"
"esplenico","esplénico"
"esplenicos","esplénicos"
"espondilodiscartrosicas","espondilodiscartrósicas"
"espontanea","espontânea"
"espontaneas","espontâneas"
"espontaneo","espontâneo"
"esporao","esporão"
"esporoes","esporões"
"esqueleticas","esqueléticas"
"esqueletico","esquelético"
"esqueleticos","esqueléticos"
"estao","estão"
"estatica","estática"
"estaveis","estáveis"
"estavel","estável"
"esteatosica","esteatósica"
"estenoticas","estenóticas"
"estenotico","estenótico"
"estenoticos","estenóticos"
"estomago","estômago"
"etaria","etária"
"etario","etário"
"eventraçao","eventração"
"evidencia","evidência"
"evoluida","evoluída"
"evoluçao","evolução"
"exceçao","exceção"
"excisao","excisão"
"excluida","excluída"
"excluido","excluído"
"excluimos","excluímos"
"exclusao","exclusão"
"excreçao","excreção"
"exerese","exérese"
"existencia","existência"
"exofitica","exofítica"
"exofitico","exofítico"
"exofiticos","exofíticos"
"expansao","expansão"
"exposiçao","exposição"
"expressao","expressão"
"expulsao","expulsão"
"extensao","extensão"
"extra-hepaticas","extra-hepáticas"
"extrahepaticas","extrahepáticas"
"extraçao","extração"
"extrinseca","extrínseca"
"extrinsecos","extrínsecos"
"extrusao","extrusão"
"extrusoes","extrusões"
"facetaria","facetária"
"facetarias","facetárias"
"facetario","facetário"
"facetarios","facetários"
"facil","fácil"
"falangica","falângica"
"falencia","falência"
"faringea","faríngea"
"faringeo","faríngeo"
"fasceite","fasceíte"
"fascia","fáscia"
"fasecas","Fazekas"
"favoravel","favorável"
"femur","fémur"
"femures","fémures"
"fenestraçao","fenestração"
"fenomeno","fenómeno"
"fenomenos","fenómenos"
"fibrilaçao","fibrilação"
"fibroatelectasica","fibroatelectásica"
"fibroatelectasicas","fibroatelectásicas"
"fibrocisticas","fibrocísticas"
"fibrocistico","fibrocístico"
"fibroquistica","fibroquística"
"fibroquisticas","fibroquísticas"
"fibrotica","fibrótica"
"fibroticas","fibróticas"
"fibrotico","fibrótico"
"fibroticos","fibróticos"
"figado","fígado"
"fisico","físico"
"fisiologica","fisiológica"
"fisiologicas","fisiológicas"
"fisiologico","fisiológico"
"fisiologicos","fisiológicos"
"fissuraçao","fissuração"
"fissuraçoes","fissurações"
"fistula","fístula"
"fixaçao","fixação"
"flair","FLAIR"
"flebolitos","flebólitos"
"flexao","flexão"
"fluxometricas","fluxométricas"
"focalizaçao","focalização"
"foliculo","folículo"
"foliculos","folículos"
"formaçao","formação"
"formaçoes","formações"
"fovea","fóvea"
"fragmentaçao","fragmentação"
"frequencia","frequência"
"fundica","fúndica"
"fundico","fúndico"
"fungica","fúngica"
"fungicos","fúngicos"
"funçao","função"
"fusao","fusão"
"gadolinio","gadolínio"
"ganglio","gânglio"
"ganglionica","gangliónica"
"ganglionico","gangliónico"
"ganglionicos","gangliónicos"
"ganglios","gânglios"
"gas","gás"
"gastrica","gástrica"
"gastrico","gástrico"
"gastricos","gástricos"
"gastrocnemio","gastrocnémio"
"gemeo","gémeo"
"gemeos","gémeos"
"geodicas","geódicas"
"geodico","geódico"
"geodicos","geódicos"
"geografica","geográfica"
"ginecologica","ginecológica"
"glandula","glândula"
"glandulas","glândulas"
"gliotica","gliótica"
"glioticas","glióticas"
"gliotico","gliótico"
"glioticos","glióticos"
"gluteo","glúteo"
"gluteos","glúteos"
"granulaçao","granulação"
"ha","há"
"habitos","hábitos"
"hd","hemitiróide direita"
"he","hemitiróide esquerda"
"hematica","hemática"
"hematicas","hemáticas"
"hematico","hemático"
"hematicos","hemáticos"
"hematuria","hematúria"
"hemicupula","hemicúpula"
"hemicupulas","hemicúpulas"
"hemisacralizaçao","hemisacralização"
"hemisfericos","hemisféricos"
"hemisferio","hemisfério"
"hemisferios","hemisférios"
"hemitiroide","hemitiróide"
"hemitiroides","hemitiróides"
"hemitorax","hemitórax"
"hemodinamico","hemodinâmico"
"hemorragica","hemorrágica"
"hemorragicas","hemorrágicas"
"hemorragico","hemorrágico"
"hemorragicos","hemorrágicos"
"hemossidrina","hemossiderina"
"hepatica","hepática"
"hepaticas","hepáticas"
"hepatico","hepático"
"hepaticos","hepáticos"
"hepato-biliar","hépato-biliar"
"hernia","hérnia"
"herniaria","herniária"
"herniario","herniário"
"herniarios","herniários"
"hernias","hérnias"
"herniaçao","herniação"
"herniaçoes","herniações"
"heterogenea","heterogénea"
"heterogeneo","heterogéneo"
"hidrataçao","hidratação"
"hidrica","hídrica"
"hidroaereo","hidroaéreo"
"hidroaereos","hidroaéreos"
"hipecogenicos","hipoecogénicos"
"hipecoicos","hipoecóicos"
"hipercaptaçao","hipercaptação"
"hiperecogenica","hiperecogénica"
"hiperecogenicas","hiperecogénicas"
"hiperecogenico","hiperecogénico"
"hiperecogenicos","hiperecogénicos"
"hiperecoico","hiperecóico"
"hiperextensao","hiperextensão"
"hiperflexao","hiperflexão"
"hiperlordotica","hiperlordótica"
"hipertensao","hipertensão"
"hipertrofica","hipertrófica"
"hipertroficas","hipertróficas"
"hipertrofico","hipertrófico"
"hipertroficos","hipertróficos"
"hiplasicas","hiplásicas"
"hipocaptaçao","hipocaptação"
"hipocondrio","hipocôndrio"
"hipoecogenea","hipoecogénea"
"hipoecogeneo","hipoecogéneo"
"hipoecogeneos","hipoecogéneos"
"hipoecogenica","hipoecogénica"
"hipoecogenicas","hipoecogénicas"
"hipoecogenico","hipoecogénico"
"hipoecogenicos","hipoecogénicos"
"hipoecoica","hipoecóica"
"hipoecoicas","hipoecóicas"
"hipoecoico","hipoecóico"
"hipoecoicos","hipoecóicos"
"hipofisaria","hipofisária"
"hipofisario","hipofisário"
"hipofise","hipófise"
"hipointensos","hipointensos"
"hipoplasica","hipoplásica"
"hipoplasicas","hipoplásicas"
"hipoplasico","hipoplásico"
"hipoplasicos","hipoplásicos"
"hipotalamo","hipotálamo"
"hipotensao","hipotensão"
"hipotese","hipótese"
"hipoteses","hipóteses"
"hipotimpano","hipotímpano"
"hipotonico","hipotónico"
"hipotransparencia","hipotransparência"
"hipotrofica","hipotrófica"
"hipotrofico","hipotrófico"
"hipotroficos","hipotróficos"
"histologica","histológica"
"histologico","histológico"
"historia","história"
"hoffa","Hoffa"
"homogenea","homogénea"
"homogeneas","homogéneas"
"homogeneo","homogéneo"
"homogeneos","homogéneos"
"horario","horário"
"horizontalizaçao","horizontalização"
"id","Informação dosimétrica: DLP total: mGycm."
"identica","idêntica"
"identicas","idênticas"
"identico","idêntico"
"identicos","idênticos"
"identificaveis","identificáveis"
"identificavel","identificável"
"identificaçao","identificação"
"if","Informação clínica:"
"ileite","ileíte"
"iliaca","ilíaca"
"iliacas","ilíacas"
"iliaco","ilíaco"
"iliacos","ilíacos"
"ilio-pubico","ilio-púbico"
"imagiologica","imagiológica"
"imagiologicas","imagiológicas"
"imagiologico","imagiológico"
"imagiologicos","imagiológicos"
"impactaçao","impactação"
"impercetiveis","impercetíveis"
"implantaçao","implantação"
"importancia","importância"
"impossivel","impossível"
"impressao","impressão"
"impressoes","impressões"
"inacessiveis","inacessíveis"
"incaracteristicos","incaracterísticos"
"incidencia","incidência"
"incidencias","incidências"
"inclinaçao","inclinação"
"incluidas","incluídas"
"incluido","incluído"
"incluidos","incluídos"
"inclusao","inclusão"
"incontaveis","incontáveis"
"incontinencia","incontinência"
"indefiniçao","indefinição"
"indentaçao","indentação"
"indice","índice"
"indices","índices"
"indicios","indícios"
"individualizaveis","individualizáveis"
"individualizavel","individualizável"
"individualizaçao","individualização"
"inequivoca","inequívoca"
"inequivocas","inequívocas"
"inequivoco","inequívoco"
"inequivocos","inequívocos"
"inespecifica","inespecífica"
"inespecificas","inespecíficas"
"inespecifico","inespecífico"
"inespecificos","inespecíficos"
"inexistencia","inexistência"
"infeçao","infeção"
"infiltraçao","infiltração"
"inflamatoria","inflamatória"
"inflamatorias","inflamatórias"
"inflamatorio","inflamatório"
"inflamatorios","inflamatórios"
"inflamaçao","inflamação"
"informaçao","informação"
"infra-centimetricas","infra-centimétricas"
"infra-centimetrico","infra-centimétrico"
"infra-centimetricos","infra-centimétricos"
"infracentimetrico","infracentimétrico"
"infracentimetricos","infracentimétricos"
"infundibulo","infundíbulo"
"infundibulos","infundíbulos"
"inicio","início"
"injeçao","injeção"
"inserçao","inserção"
"inserçoes","inserções"
"insinuaçao","insinuação"
"instaveis","instáveis"
"instituiçao","instituição"
"insuficiencia","insuficiência"
"integras","íntegras"
"integraçao","integração"
"integro","íntegro"
"integros","íntegros"
"interapofisaria","interapofisária"
"interapofisarias","interapofisárias"
"interapofisario","interapofisário"
"intercarpicas","intercárpicas"
"intercorrencia","intercorrência"
"intercorrencias","intercorrências"
"interfacetaria","interfacetária"
"interfacetarias","interfacetárias"
"interfacetarios","interfacetários"
"interfalangica","interfalângica"
"interfalangicas","interfalângicas"
"interhemisferica","interhemisférica"
"intermedia","intermédia"
"intermedio","intermédio"
"intermetatarsicas","intermetatársicas"
"intermetatarsico","intermetatársico"
"interossea","interóssea"
"interosseos","interósseos"
"interposiçao","interposição"
"interrogaçao","interrogação"
"intersomatica","intersomática"
"intersomaticas","intersomáticas"
"intersomatico","intersomático"
"intersomaticos","intersomáticos"
"intersticio","interstício"
"intervençao","intervenção"
"intima","íntima"
"intolerancia","intolerância"
"intra-hepaticas","intra-hepáticas"
"intra-orbitaria","intra-orbitária"
"intracarpicas","intracárpicas"
"intrahepatica","intrahepática"
"intrahepaticas","intrahepáticas"
"intraossea","intraóssea"
"intraosseo","intraósseo"
"intrasomatica","intrasomática"
"intrasomaticas","intrasomáticas"
"intrasomatico","intrasomático"
"intrasomaticos","intrasomáticos"
"intrasubstancia","intrasubstância"
"intrinsecas","intrínsecas"
"intrinsecos","intrínsecos"
"introduçao","introdução"
"inumeras","inúmeras"
"inumeros","inúmeros"
"invasao","invasão"
"inversao","inversão"
"investigaçao","investigação"
"involuçao","involução"
"irradiaçao","irradiação"
"isoecogeneo","isoecogéneo"
"isoecogenica","isoecogénica"
"isoecogenicas","isoecogénicas"
"isoecogenico","isoecogénico"
"isoecogenicos","isoecogénicos"
"isquemica","isquémica"
"isquemicas","isquémicas"
"isquemico","isquémico"
"isquemicos","isquémicos"
"isquiatica","isquiática"
"isquiaticas","isquiáticas"
"isquio-pubico","ísquio-púbico"
"isquio-pubicos","ísquio-púbicos"
"isquio-tibiais","ísquio-tibiais"
"istmica","ístmica"
"ja","já"
"jugulo-carotidea","jugulo-carotídea"
"jugulo-carotideos","jugulo-carotídeos"
"junçao","junção"
"junçoes","junções"
"justificavel","justificável"
"keros","KEROS"
"labiaçao","labiação"
"labiaçoes","labiações"
"labio","lábio"
"labirintica","labiríntica"
"laceraçao","laceração"
"laceraçoes","lacerações"
"lamina","lâmina"
"laminas","lâminas"
"latero","látero"
"latero-aorticas","látero-aórticas"
"latero-basal","látero-basal"
"lentificaçao","lentificação"
"lesao","lesão"
"lesoes","lesões"
"limitaçao","limitação"
"limitaçoes","limitações"
"limitrofes","limítrofes"
"linfaticas","linfáticas"
"linfatico","linfático"
"linfaticos","linfáticos"
"lingua","língua"
"lingula","língula"
"liquida","líquida"
"liquidas","líquidas"
"liquido","líquido"
"liquor","líquor"
"listesico","listésico"
"listesicos","listésicos"
"litiase","litíase"
"litiasica","litiásica"
"litiasicas","litiásicas"
"litiasico","litiásico"
"litiasicos","litiásicos"
"litica","lítica"
"liticas","líticas"
"lobulaçao","lobulação"
"lobulaçoes","lobulações"
"localizaçao","localização"
"loculaçao","loculação"
"lombalizaçao","lombalização"
"lordotica","lordótica"
"lowshout","washout"
"lucencia","lucência"
"lumen","lúmen"
"luteo","lúteo"
"luxaçao","luxação"
"luxaçoes","luxações"
"macronodulos","macronódulos"
"macroscopica","macroscópica"
"magnetica","magnética"
"maleolo","maléolo"
"malformaçao","malformação"
"malformaçoes","malformações"
"mamaria","mamária"
"mamarias","mamárias"
"mamario","mamário"
"mamarios","mamários"
"mamograficas","mamográficas"
"mamografico","mamográfico"
"mandibula","mandíbula"
"manifestaçao","manifestação"
"manifestaçoes","manifestações"
"manipulaçao","manipulação"
"mantem","mantêm"
"manubrio","manúbrio"
"manutençao","manutenção"
"mao","mão"
"maos","mãos"
"marcaçao","marcação"
"maxima","máxima"
"maximas","máximas"
"maximo","máximo"
"maximos","máximos"
"mecanica","mecânica"
"mecanico","mecânico"
"mecanicos","mecânicos"
"media","média"
"medias","médias"
"mediastinica","mediastínica"
"mediastinicas","mediastínicas"
"mediastinicos","mediastínicos"
"medica","médica"
"medicaçao","medicação"
"medico","médico"
"medio","médio"
"medio-clavicular","médio-clavicular"
"medio-lateral","médio-lateral"
"mediope","médiopé"
"medios","médios"
"mediçoes","medições"
"megaapofise","megaapófise"
"memoria","memória"
"mensuraveis","mensuráveis"
"mes","mês"
"mesenterica","mesentérica"
"mesentericas","mesentéricas"
"mesenterio","mesentério"
"mesocolon","mesocólon"
"metabolica","metabólica"
"metabolicas","metabólicas"
"metabolico","metabólico"
"metacarpica","metacárpica"
"metacarpo-falangica","metacarpo-falângica"
"metadiafisaria","metadiafisária"
"metafisaria","metafisária"
"metafise","metáfise"
"metalica","metálica"
"metalicas","metálicas"
"metalico","metálico"
"metalicos","metálicos"
"metarso-falangicas","metarso-falângicas"
"metastase","metástase"
"metastaticos","metastáticos"
"metastizaçao","metastização"
"metatarsicas","metatársicas"
"metatarso-falangica","metatarso-falângica"
"metatarso-falangicas","metatarso-falângicas"
"metodo","método"
"metodos","métodos"
"meyerding","Meyerding"
"microangiopatica","microangiopática"
"microcalcificaçao","microcalcificação"
"microcalcificaçoes","microcalcificações"
"microcalculo","microcálculo"
"microcalculos","microcálculos"
"microlitiase","microlítiase"
"micronodulo","micronódulo"
"micronodulos","micronódulos"
"micropolipos","micropólipos"
"micropoliquisticos","micropoliquísticos"
"microquistica","microquística"
"microquisticas","microquísticas"
"microscopica","microscópica"
"micçao","micção"
"migraçao","migração"
"milimetrica","milimétrica"
"milimetricas","milimétricas"
"milimetrico","milimétrico"
"milimetricos","milimétricos"
"mineralizaçao","mineralização"
"minima","mínima"
"minimas","mínimas"
"minimo","mínimo"
"minuscula","minúscula"
"minusculas","minúsculas"
"minusculo","minúsculo"
"minusculos","minúsculos"
"minímos","mínimos"
"miometrio","miométrio"
"mobilizavel","mobilizável"
"modic","Modic"
"modificaçao","modificação"
"moleculas","moléculas"
"morfologica","morfológica"
"morfologicas","morfológicas"
"morfologicos","morfológicos"
"morton","Morton"
"mulitplas","múltiplas"
"multipla","múltipla"
"multiplas","múltiplas"
"multiplos","múltiplos"
"musculo","músculo"
"musculo-aponevroticas","musculo-aponevróticas"
"musculo-aponevroticos","musculo-aponevróticos"
"musculos","músculos"
"naboth","Naboth"
"nadega","nádega"
"nao","não"
"necessarias","necessárias"
"necessario","necessário"
"necrotica","necrótica"
"nefrolitiase","nefrolitíase"
"neo-articulaçao","neo-articulação"
"neoformaçao","neoformação"
"neoformaçoes","neoformações"
"neoplasica","neoplásica"
"neoplasicas","neoplásicas"
"neoplasico","neoplásico"
"neurologico","neurológico"
"neuromeningeo","neuromeníngeo"
"nitida","nítida"
"niveis","níveis"
"nivel","nível"
"nodulo","nódulo"
"nodulos","nódulos"
"notoria","notória"
"notorio","notório"
"nucleo","núcleo"
"nucleo-capsulares","núcleo-capsulares"
"nucleos","núcleos"
"numero","número"
"obliqua","oblíqua"
"obliquas","oblíquas"
"obliquo","oblíquo"
"obliquos","oblíquos"
"obliteraçao","obliteração"
"observaçao","observação"
"obstruçao","obstrução"
"obtençao","obtenção"
"oclusao","oclusão"
"ocupaçao","ocupação"
"odontogenico","odontogénico"
"odontogenicos","odontogénicos"
"oncologico","oncológico"
"onodi","Onodi"
"opacificaçao","opacificação"
"operculo","opérculo"
"oposiçao","oposição"
"optica","óptica"
"opticas","ópticas"
"optico","óptico"
"opticos","ópticos"
"orbita","órbita"
"orbitarias","orbitárias"
"orbitario","orbitário"
"orbitas","órbitas"
"orgao","órgão"
"orgaos","órgãos"
"orientaçao","orientação"
"orificio","orifício"
"ortodontico","ortodôntico"
"ortostatica","ortostática"
"ossea","óssea"
"osseas","ósseas"
"osseo","ósseo"
"osseos","ósseos"
"ossiculo","ossículo"
"ossiculos","ossículos"
"ossificaçao","ossificação"
"osteite","osteíte"
"osteoblasticas","osteoblásticas"
"osteocondensaçao","osteocondensação"
"osteofitaria","osteofitária"
"osteofitarias","osteofitárias"
"osteofitario","osteofitário"
"osteofitarios","osteofitários"
"osteofito","osteófito"
"osteofitos","osteófitos"
"osteofixaçao","osteofixação"
"osteoliticas","osteolíticas"
"osteoporotica","osteoporótica"
"osteossintese","osteossíntese"
"otica","ótica"
"ovarica","ovárica"
"ovaricas","ováricas"
"ovarico","ovárico"
"ovaricos","ováricos"
"ovario","ovário"
"ovarios","ovários"
"ovoide","ovóide"
"padrao","padrão"
"palido","pálido"
"palidos","pálidos"
"palpavel","palpável"
"pancreas","pâncreas"
"pancreatica","pancreática"
"pancreaticas","pancreáticas"
"pancreatico","pancreático"
"pancreaticos","pancreáticos"
"panicula","panícula"
"papiracea","papirácea"
"papiraceas","papiráceas"
"paracardiaca","paracardíaca"
"parafaringeo","parafaríngeo"
"paramagnetic","paramagnético"
"paramediastinica","paramediastínica"
"parametros","parâmetros"
"parapielica","parapiélica"
"parapielicas","parapiélicas"
"parapielico","parapiélico"
"parapielicos","parapiélicos"
"parenquima","parênquima"
"parotida","parótida"
"parotidas","parótidas"
"parotidea","parotídea"
"parotideas","parotídeas"
"passiveis","passíveis"
"patencia","patência"
"patologica","patológica"
"patologicas","patológicas"
"patologico","patológico"
"patologicos","patológicos"
"pe","pé"
"pediculo","pedículo"
"pediculos","pedículos"
"pedunculo","pedúnculo"
"pedunculos","pedúnculos"
"pelvica","pélvica"
"pelvicas","pélvicas"
"pelvico","pélvico"
"pelvicos","pélvicos"
"percetiveis","percetíveis"
"percetivel","percetível"
"percetivies","percetíveis"
"perfuraçao","perfuração"
"perfusao","perfusão"
"peri-centimetrico","peri-centimétrico"
"peri-trocanterica","peri-trocantérica"
"peri-trocantericas","peri-trocantéricas"
"peribronquicas","peribrônquicas"
"peribronquicos","peribrônquicos"
"pericardico","pericárdico"
"pericentimetrica","pericentimétrica"
"pericentimetricas","pericentimétricas"
"pericentimetrico","pericentimétrico"
"pericentimetricos","pericentimétricos"
"pericolecistica","pericolecística"
"periferica","periférica"
"perifericas","periféricas"
"periferico","periférico"
"perifericos","periféricos"
"periodico","periódico"
"periodo","período"
"periodontica","periodôntica"
"periosseo","periósseo"
"periosteite","periosteíte"
"periostico","perióstico"
"peritrocantericas","peritrocantéricas"
"permeaveis","permeáveis"
"permeavel","permeável"
"peronio","perónio"
"peronio-astragalino","perónio-astragalino"
"persistencia","persistência"
"pertubações","perturbações"
"perturbaçoes","pertubações"
"pes","pés"
"pielica","piélica"
"pirads","PI-RADS"
"piramide","pirâmide"
"piramides","pirâmides"
"planificaçao","planificação"
"plastrao","plastrão"
"pm","partes moles"
"pneumatizaçao","pneumatização"
"pneumonicas","pneumónicas"
"pneumonico","pneumónico"
"pneumonicos","pneumónicos"
"podera","poderá"
"poderao","poderão"
"polipo","pólipo"
"polipos","pólipos"
"poliquistico","poliquístico"
"polo","pólo"
"ponderaçao","ponderação"
"ponderaçoes","ponderações"
"poplitea","poplítea"
"popliteas","poplíteas"
"popliteo","poplíteo"
"porçao","porção"
"porçoes","porções"
"pos","pós"
"pos-cirurgica","pós-cirúrgica"
"pos-cirurgico","pós-cirúrgico"
"pos-miccional","pós-miccional"
"pos-traumatica","pós-traumática"
"pos-traumaticas","pós-traumáticas"
"pos-traumatico","pós-traumático"
"posiçao","posição"
"posiçoes","posições"
"possiveis","possíveis"
"possivel","possível"
"pratica","prática"
"precauçao","precaução"
"predominio","predomínio"
"preocupaçao","preocupação"
"preparaçao","preparação"
"preservaçao","preservação"
"pressao","pressão"
"presumivel","presumível"
"previa","prévia"
"previas","prévias"
"previo","prévio"
"previos","prévios"
"primaria","primária"
"procidencia","procidência"
"procidencias","procidências"
"proeminencia","proeminência"
"progressao","progressão"
"projeçao","projeção"
"proliferaçao","proliferação"
"propria","própria"
"proprias","próprias"
"proprio","próprio"
"proprios","próprios"
"prostata","Próstata"
"prostata","próstata"
"prostatica","prostática"
"prostaticas","prostáticas"
"prostatico","prostático"
"prostaticos","prostáticos"
"protese","prótese"
"proteses","Próteses"
"protesicos","protésicos"
"protonica","protónica"
"protruberancia","protuberância"
"protrusao","protrusão"
"protrusoes","protrusões"
"protuberancia","protuberância"
"provaveis","prováveis"
"provavel","provável"
"proxima","próxima"
"proximas","próximas"
"proximo","próximo"
"proximos","próximos"
"prudencia","prudência"
"próteses","próteses"
"próximal","proximal"
"pseudo-procidencia","pseudo-procidência"
"pseudo-protrusao","pseudo-protrusão"
"pseudo-quistico","pseudo-quístico"
"pubica","púbica"
"pubico","púbico"
"pubo-coccigeo","pubo-coccígeo"
"pulmao","pulmão"
"pulmoes","pulmões"
"punçao","punção"
"quadricipite","quadricípite"
"quantificaçao","quantificação"
"questao","questão"
"questionavel","questionável"
"quistica","quística"
"quisticas","quísticas"
"quistico","quístico"
"quisticos","quísticos"
"radiaria","radiária"
"radiario","radiário"
"radio","rádio"
"radiocarpica","radiocárpica"
"radiocarpicas","radiocárpicas"
"radiocarpico","radiocárpico"
"radiografica","radiográfica"
"radiograficas","radiográficas"
"radiografico","radiográfico"
"radiograficos","radiográficos"
"radiologica","radiológica"
"radiologicas","radiológicas"
"radiologico","radiológico"
"radiolucencia","radiolucência"
"raiz","raíz"
"raizes","raízes"
"ramificaçao","ramificação"
"raquis","ráquis"
"rarefaçao","rarefação"
"razoavel","razoável"
"reabsorçao","reabsorção"
"realizaçao","realização"
"reavaliaçao","reavaliação"
"reaçao","reação"
"recessao","recessão"
"reconstituiçao","reconstituição"
"reconstruçao","reconstrução"
"reconstruçoes","reconstruções"
"recontruçoes","reconstruções"
"reduçao","redução"
"referencia","referência"
"referenciaveis","referenciáveis"
"reformataçoes","reformatações"
"regiao","região"
"regioes","regiões"
"relacao","relação"
"relatorio","relatório"
"relatorios","relatórios"
"relaçao","relação"
"relaçoes","relações"
"relevancia","relevância"
"remodelaçao","remodelação"
"remoçao","remoção"
"reparaçao","reparação"
"repercussao","repercussão"
"repermeabilizaçao","repermeabilização"
"repetiçao","repetição"
"repleçao","repleção"
"reservatorio","reservatório"
"residuo","resíduo"
"residuos","resíduos"
"resistencia","resistência"
"resoluçao","resolução"
"respiratoria","respiratória"
"respiratorio","respiratório"
"respiraçao","respiração"
"responsaveis","responsáveis"
"responsavel","responsável"
"ressonancia","ressonância"
"restauraçoes","restaurações"
"restriçao","restrição"
"restriçoes","restrições"
"retençao","retenção"
"reticulaçao","reticulação"
"reticulo","retículo"
"retificaçao","retificação"
"retilinizaçao","retilinização"
"retinaculo","retináculo"
"retinaculos","retináculos"
"retraidos","retraídos"
"retraçao","retração"
"retroaortica","retroaórtica"
"retrocardiaca","retrocardíaca"
"retrofaringea","retrofaríngea"
"retrofaringeo","retrofaríngeo"
"retroflexao","retroflexão"
"retrope","retropé"
"retroversao","retroversão"
"reumatoide","reumatóide"
"rm","ressonância magnética"
"rotaçao","rotação"
"rotula","rótula"
"rotulas","rótulas"
"ruptura","rotura"
"rupturas","roturas"
"sacralizaçao","sacralização"
"sacro-coccigeas","sacro-coccígeas"
"sacro-iliaca","sacro-ilíaca"
"sacro-iliacas","sacro-ilíacas"
"sacroiliacas","sacroilíacas"
"sagitalizaçao","sagitalização"
"sao","são"
"saturaçao","saturação"
"schmorl","Schmorl"
"sebaceo","sebáceo"
"secreçoes","secreções"
"secundaria","secundária"
"secundarias","secundárias"
"secundario","secundário"
"secundarios","secundários"
"sensaçao","sensação"
"sensiveis","sensíveis"
"sensivel","sensível"
"separaçao","separação"
"septaçao","septação"
"septaçoes","septações"
"sequencia","sequência"
"sequencias","sequências"
"sera","será"
"serao","serão"
"sericos","séricos"
"serohematica","sero-hemática"
"sialolitiase","sialolitíase"
"sifoes","sifões"
"sigmoide","sigmóide"
"simetrica","simétrica"
"simetricas","simétricas"
"simetrico","simétrico"
"simetricos","simétricos"
"simultanea","simultânea"
"sindesmotico","sindesmótico"
"sindrome","síndrome"
"sindromes","síndromes"
"sinfise","sínfise"
"sintomatica","sintomática"
"sintomatico","sintomático"
"sistematizaveis","sistematizáveis"
"sistolico","sistólico"
"situaçao","situação"
"situaçoes","situações"
"so","só"
"sobreponiveis","sobreponíveis"
"sobreponivel","sobreponível"
"sobreposiçao","sobreposição"
"solida","sólida"
"solidas","sólidas"
"solido","sólido"
"solidos","sólidos"
"soluçao","solução"
"soluçoes","soluções"
"somatica","somática"
"somaticas","somáticas"
"somatico","somático"
"somaticos","somáticos"
"stir","STIR"
"subcentimetricas","subcentimétricas"
"subctuanea","subcutânea"
"subcutanea","subcutânea"
"subcutaneas","subcutâneas"
"subcutaneo","subcutâneo"
"subcutaneos","subcutâneos"
"subdeltoide","subdeltóide"
"subluxaçao","subluxação"
"substancia","substância"
"substituiçao","substituição"
"sugestao","sugestão"
"sumaria","sumária"
"sumario","sumário"
"superficie","superfície"
"superficies","superfícies"
"supra-aorticos","supra-aórticos"
"supra-hepaticas","supra-hepáticas"
"supra-pubica","supra-púbica"
"suprahepaticas","suprahepáticas"
"suprapubica","suprapúbica"
"supressao","supressão"
"suscetiveis","suscetíveis"
"suspeiçao","suspeição"
"tabagica","tabágica"
"tabagicos","tabágicos"
"tabua","tábua"
"talamica","talâmica"
"talamicas","talâmicas"
"talamicos","talâmicos"
"talamo","tálamo"
"tambem","também"
"tarsicas","társicas"
"tarsico","társico"
"tarsicos","társicos"
"tecnica","técnica"
"tendao","tendão"
"tendencia","tendência"
"tendoes","tendões"
"tensao","tensão"
"tenue","ténue"
"tenues","ténues"
"terao","terão"
"terapeutica","terapêutica"
"terapeuticos","terapêuticos"
"territorio","território"
"territorios","territórios"
"testiculo","testículo"
"testiculos","testículos"
"tibia","tíbia"
"tibio","tíbio"
"tibio-tarsica","tíbio-társica"
"tibio-tarsico","tíbio-társico"
"tibiotarsica","tibiotársica"
"timico","tímico"
"timpanica","timpânica"
"timpanicas","timpânicas"
"timpano","tímpano"
"tipica","típica"
"tipicas","típicas"
"tipico","típico"
"tipicos","típicos"
"tirads","Tirads"
"tiroide","tiróide"
"tm","tecidos moles"
"tomodensitometrica","tomodensitométrica"
"tomodensitometricas","tomodensitométricas"
"tomodensitometrico","tomodensitométrico"
"tomodensitometricos","tomodensitométricos"
"topicas","tópicas"
"topicos","tópicos"
"toracica","torácica"
"toracico","torácico"
"toracicos","torácicos"
"torax","tórax"
"torçao","torção"
"trabeculaçao","trabeculação"
"traduçao","tradução"
"transiçao","transição"
"translaçao","translação"
"transparencia","transparência"
"trapezio","trapézio"
"traqueobronquica","traqueobrônquica"
"traqueobronquico","traqueobrônquico"
"traumatica","traumática"
"traumaticas","traumáticas"
"traumatico","traumático"
"traumaticos","traumáticos"
"traçao","tração"
"tres","três"
"triangulo","triângulo"
"tributarias","tributárias"
"tricipite","tricípite"
"trifasico","trifásico"
"trigono","trígono"
"trocanterica","trocantérica"
"trocantericas","trocantéricas"
"troclea","tróclea"
"tumefaçao","tumefação"
"tumefaçoes","tumefações"
"tunel","túnel"
"tunicas","túnicas"
"turbulencia","turbulência"
"ultima","última"
"ultimas","últimas"
"ultimo","último"
"ultimos","últimos"
"ultrassonico","ultrassónico"
"umero","úmero"
"uncartrosicas","uncartrósicas"
"unco-osteofitaria","unco-osteofitária"
"uniao","união"
"unica","única"
"unicas","únicas"
"unico","único"
"urinaria","urinária"
"urinario","urinário"
"urolitiase","urolitíase"
"uteis","úteis"
"utero","útero"
"util","útil"
"utilizaçao","utilização"
"utriculo","utrículo"
"validaçao","validação"
"valorizaveis","valorizáveis"
"valorizavel","valorizável"
"valorizaçao","valorização"
"valvula","válvula"
"variancia","variância"
"varias","várias"
"variaçao","variação"
"variaçoes","variações"
"varios","vários"
"vascularizaçao","vascularização"
"vasogenico","vasogénico"
"vegetaçoes","vegetações"
"ventilaçao","ventilação"
"ventriculo","ventrículo"
"ventriculos","ventrículos"
"vertebra","vértebra"
"vertebras","vértebras"
"vertice","vértice"
"vertices","vértices"
"vesicula","vesícula"
"vestibulo","vestíbulo"
"vestibulos","vestíbulos"
"vestigios","vestígios"
"vigilancia","vigilância"
"visceras","vísceras"
"visiveis","visíveis"
"visivel","visível"
"visualizaveis","visualizáveis"
"visualizavel","visualizável"
"visualizaçao","visualização"
"volumetrica","volumétrica"
"volumetrico","volumétrico"
"vomitos","vómitos"
"zigoapofisarias","zigapofisárias"